{"_runtime":4966.351277529,"_step":299,"_wandb":{"runtime":4966},"acc":60.74766383661288,"loss":0.6764755163873944,"ARI":-0.0032727393211219088,"NMI":9.986268422584023e-06,"_timestamp":1.7520483959248152e+09}