{"_wandb":{"runtime":341},"_step":19,"acc":65.42056295804888,"loss":0.6595423306737628,"ARI":0.06624912106353656,"NMI":0.03550838530770951,"_timestamp":1.7521136827108939e+09,"_runtime":340.96597356}