{"_timestamp":1.7521178977632196e+09,"_runtime":336.525177107,"_step":19,"_wandb":{"runtime":337},"acc":61.682244060195494,"loss":0.6486548015049526,"ARI":0.04880170888712178,"NMI":0.029661144504194183}